{
  "current": {
    "customer_layout": "theme",
    "logo_slogan": "Home electronics online store",
    "base_font_custom_code": "<link href='\/\/fonts.googleapis.com\/css?family=Roboto:400,500,700,900' rel='stylesheet' type='text\/css'>",
    "base_font_custom_family": "Roboto",
    "regular_font_size": "14px",
    "font_color": "#777777",
    "heading_font_custom_code": "<link href='\/\/fonts.googleapis.com\/css?family=Roboto:400,500,700,900' rel='stylesheet' type='text\/css'>",
    "heading_font_custom_family": "Roboto",
    "heading_font_size": "20px",
    "heading_font_color": "#333333",
    "link_color": "#333333",
    "link_color_act": "#3bb614",
    "product_name_font_size": "14px",
    "product_name_color": "#3bb614",
    "product_name_color_act": "#333333",
    "product_desc_font_size": "12px",
    "product_desc_color": "#777777",
    "product_price_color": "#333333",
    "homepage_products_count": "6",
    "collection_listing_count": "6",
    "body_bg_color": "#ffffff",
    "border_color": "#d6d5d5",
    "color_1": "#ffffff",
    "color_2": "#333333",
    "color_3": "#070707",
    "color_4": "#3bb614",
    "color_5": "#30761c",
    "color_6": "#2b9d07",
    "color_7": "#949494",
    "color_8": "#ff342a",
    "color_9": "#cbcaca",
    "gradient1_top": "#f5f5f5",
    "gradient1_bottom": "#ffffff",
    "gradient2_top": "#f6f6f6",
    "gradient2_bottom": "#e8e8e8",
    "supported_currencies": "USD EUR GBP",
    "default_currency": "USD",
    "slide1_link": "\/collections\/audio-video",
    "slide1_caption1": "Apple. iPhone 5c",
    "slide1_caption2": "Lorem ipsum dolor sit amet conse ctetur adipisi cing elit, sed do eiusmod tempor.",
    "slide1_caption3": "Shop now!",
    "slide2_link": "\/collections\/televisions",
    "slide2_caption1": "Apple. MacBook Air",
    "slide2_caption2": "Lorem ipsum dolor sit amet conse ctetur adipisi cing elit, sed do eiusmod tempor.",
    "slide2_caption3": "Shop now!",
    "slide3_link": "\/collections\/cameras-camcorders",
    "slide3_caption1": "Apple. iPod touch",
    "slide3_caption2": "Lorem ipsum dolor sit amet conse ctetur adipisi cing elit, sed do eiusmod tempor.",
    "slide3_caption3": "Shop now!",
    "slide4_link": "",
    "slide4_caption1": "",
    "slide4_caption2": "",
    "slide4_caption3": "",
    "slide5_link": "",
    "slide5_caption1": "",
    "slide5_caption2": "",
    "slide5_caption3": "",
    "custom_header1_text1": "Welcome to our online store!",
    "custom_showcase1_text1": "Mobile phones",
    "custom_showcase1_text2": "Lorem ipsum dolor sit amet conse ctetur  adipisicing elit, sed do eiusmod.",
    "custom_showcase1_text3": "Shop now!",
    "custom_showcase1_link": "\/collections\/mobile-phones",
    "custom_showcase2_text1": "Televisions",
    "custom_showcase2_text2": "Lorem ipsum dolor sit amet conse ctetur adipisicing elit, sed do.",
    "custom_showcase2_text3": "Shop now!",
    "custom_showcase2_link": "\/collections\/televisions",
    "custom_showcase3_text1": "Audio \/ Video",
    "custom_showcase3_text2": "Lorem ipsum dolor sit amet conse ctetur adipisicing elit.",
    "custom_showcase3_text3": "Shop now!",
    "custom_showcase3_link": "\/collections\/audio-video",
    "custom_showcase4_text1": "Camera & Camcorder",
    "custom_showcase4_text2": "Lorem ipsum dolor sit amet conse ctetur adipisicing elit, sed do.",
    "custom_showcase4_text3": "Shop now!",
    "custom_showcase4_link": "\/collections\/cameras-camcorders",
    "custom_showcase5_text1": "Computers",
    "custom_showcase5_text2": "Lorem ipsum dolor sit amet conse ctetur adipisicing elit, sed do.",
    "custom_showcase5_text3": "Shop now!",
    "custom_showcase5_link": "\/collections\/all",
    "custom_showcase6_text1": "Home appliances",
    "custom_showcase6_text2": "Lorem ipsum dolor sit amet conse ctetur adipisicing elit, sed do.",
    "custom_showcase6_text3": "Shop now!",
    "custom_showcase6_link": "\/collections\/home-appliances",
    "custom_sidebar_link": "http:\/\/tm-shopify028-electronics.myshopify.com\/pages\/about-us",
    "custom_footer1_title": "Information",
    "custom_footer2_title": "Collections",
    "custom_footer3_title": "My account",
    "custom_footer4_title": "Contacts",
    "custom_footer4_address": "Company Inc., 8901 Marmora  Road, Glasgow, D04 89GR",
    "custom_footer4_phone_tagline": "Call us now toll free:",
    "custom_footer4_phone": "(800) 2345-6789",
    "custom_footer5_twitter": "https:\/\/twitter.com\/templatemonster",
    "custom_footer5_facebook": "https:\/\/www.facebook.com\/TemplateMonster",
    "custom_footer5_youtube": "",
    "custom_footer5_instagram": "",
    "custom_footer5_pinterest": "",
    "custom_footer5_googleplus": "https:\/\/google.com\/+templatemonster",
    "custom_footer5_tumblr": "",
    "mailing_list_title": "Newsletter",
    "checkout_banner_background_color": "#fff",
    "checkout_accent_color": "#2a9dcc",
    "checkout_button_color": "#2a9dcc",
    "checkout_call_to_action_color": "#8fc243",
    "mailchimp_form_action": "",
    "mailing_list_tagline": "",
    "base_font_regular_family": "Arial, Helvetica, sans-serif",
    "heading_font_regular_family": "Arial, Helvetica, sans-serif",
    "main_nav": "main-menu",
    "bestsellers_cat": "televisions",
    "homepage_products": "audio-video",
    "homepage_listing_cols": "3",
    "collection_listing_cols": "3",
    "homepage_listing_image_size": "medium",
    "enable_breadcrumbs": "true",
    "currency_format": "money_format",
    "checkout_logo": "",
    "use_logo": false,
    "show_copyright": true,
    "enable_left_sidebar": true,
    "enable_right_sidebar": false,
    "show_multiple_currencies": true,
    "slider_toggle": true,
    "slider_captions_toggle": true,
    "slide1_toggle": true,
    "slide2_toggle": true,
    "slide3_toggle": true,
    "slide4_toggle": false,
    "slide5_toggle": false,
    "custom_showcase1_img_toggle": true,
    "custom_showcase2_img_toggle": true,
    "custom_showcase3_img_toggle": true,
    "custom_showcase4_img_toggle": true,
    "custom_showcase5_img_toggle": true,
    "custom_showcase6_img_toggle": true,
    "custom_sidebar_img_toggle": true,
    "custom_footer5_newsletter": true,
    "custom_footer5_paypal": true,
    "show_amex": true,
    "show_discover": true,
    "show_visa": true,
    "show_mastercard": true,
    "show_maestro": true,
    "show_cirrus": true,
    "show_paypal": true,
    "show_google": true,
    "checkout_use_header_image": false,
    "base_font_type": "font_custom",
    "heading_font_type": "font_custom",
    "body_bg_type": "bg_color",
    "color_10": "",
    "gradient3_top": "",
    "gradient3_bottom": "",
    "gradient4_top": "",
    "gradient4_bottom": "",
    "gradient5_top": "",
    "gradient5_bottom": "",
    "gradient6_top": "",
    "gradient6_bottom": "",
    "gradient7_top": "",
    "gradient7_bottom": "",
    "gradient8_top": "",
    "gradient8_bottom": "",
    "gradient9_top": "",
    "gradient9_bottom": "",
    "gradient10_top": "",
    "gradient10_bottom": "",
    "custom_footer2_text1": "",
    "custom_footer2_text2": "",
    "custom_footer2_link": "",
    "custom_footer3_twitter": "",
    "custom_footer3_facebook": "",
    "custom_footer3_youtube": "",
    "custom_footer3_instagram": "",
    "custom_footer3_pinterest": "",
    "custom_footer3_googleplus": "",
    "custom_footer3_tumblr": "",
    "custom_footer4_company": "",
    "custom_footer4_email": "",
    "custom_footer1_list": "footer",
    "slide1_caption4": "",
    "slide1_caption5": "",
    "slide2_caption4": "",
    "slide2_caption5": "",
    "slide3_caption4": "",
    "slide3_caption5": "",
    "slide4_caption4": "",
    "slide4_caption5": "",
    "slide5_caption4": "",
    "slide5_caption5": "",
    "custom_header1_text2": "",
    "custom_header1_link": "",
    "custom_header1_img_toggle": "false",
    "heading_custom_font_family": "",
    "heading_custom_font_code": "",
    "heading_ffamily_use_custom": "false",
    "heading_font_family": "Arial, Helvetica, sans-serif",
    "regular_font_family": "Arial, Helvetica, sans-serif",
    "custom_header1_toggle": "false",
    "slide1_caption_toggle": "true",
    "slide2_caption_toggle": "true",
    "slide3_caption_toggle": "false",
    "slide4_caption_toggle": "false",
    "slide5_caption_toggle": "false",
    "slider_controlnav_toggle": "true",
    "slider_directnav_toggle": "true",
    "bottom_block_1_list": "main-menu",
    "bottom_block_2_list": "footer",
    "bottom_block_3_list": "footer",
    "regular_line_height": "21px",
    "h1_fsize": "",
    "h1_lheight": "",
    "h2_fsize": "",
    "h2_lheight": "",
    "h3_fsize": "",
    "h3_lheight": "",
    "h4_fsize": "",
    "h4_lheight": "",
    "h5_fsize": "",
    "h5_lheight": "",
    "h6_fsize": "",
    "h6_lheight": "",
    "footer_height": "100px",
    "content_width": "8",
    "left_sidebar_width": "2",
    "right_sidebar_width": "2",
    "collection_listing_image_size": "compact",
    "custom_footer2_list": "catalog",
    "custom_footer3_list": "my-account"
  },
  "presets": {
  }
}